{"pg": {"x": [0, 50, 100, 150, 200, 250, 300, 350, 400, 450, 500, 550, 600, 650, 700, 750, 800, 850, 900, 950, 1000, 1050, 1100, 1150, 1200, 1250, 1300, 1350, 1400], "y": [-322.5746073365283, -193.39088584858519, -164.29645730520272, -198.1660341005561, -151.61970981995358, -116.4370757389237, -132.71991657721685, -113.98417782133112, -107.2616619902409, -90.45713793908003, -92.79934320547608, -80.19279455809904, -146.6814167810582, -75.17344485763118, -89.62302439630689, -103.79079975770993, -46.17373784332844, -36.65898551967753, -29.559534373577343, -29.889390802160953, -45.74567307026995, -21.539862183163226, -20.109560785667046, -4.848327682670421, 19.57709678949801, -11.553723671553978, -27.457537283935178, 16.006836772409063, 64.76057111886973]}, "pg_baseline": {"x": [0, 50, 100, 150, 200, 250, 300, 350, 400, 450, 500, 550, 600, 650, 700, 750, 800, 850, 900, 950, 1000, 1050, 1100, 1150, 1200, 1250, 1300, 1350, 1400], "y": [16.348791220434975, -153.48631770955632, -147.996047270044, -191.04370130409302, -160.1606782401398, -261.19181360844016, -96.73921274765647, -186.13585529649413, -42.519390302554505, -39.54454031055388, -95.3141921013422, -41.64820360436673, -20.026336549015518, 4.083603903383793, 63.15891376176096, 89.00201381154318, 45.25780716178966, 85.5811234015302, 84.8225844282175, 56.23385370098168, 77.86172257844903, 55.7182666674271, 51.180529344808036, 72.53276385830738, 90.70724709854066, 74.41288754641067, 87.95063229493786, 112.7725818439239, 135.28355679828385]}}